,CAGR,FinalWealth,MaxDrawdown,Sharpe_0rf,Volatility
benchmark_100_equity,0.109931,45.056975,-0.391568,1.892479,0.058089
benchmark_60_40,0.089737,23.046905,-0.249462,1.869995,0.047988
benchmark_80_20,0.099981,32.432264,-0.323159,2.004627,0.049875
strategy,0.101978,34.652507,-0.269843,1.671337,0.061016
strategy_aggressive,0.180059,421.893074,-0.275022,2.111661,0.085269
strategy_medium_aggressive,0.135445,103.304027,-0.275022,2.025517,0.066869
strategy_recommended_mix,0.125379,74.630125,-0.273467,1.956260,0.064091
