,CAGR,FinalWealth,MaxDrawdown,Sharpe_0rf,Volatility
benchmark_100_equity,0.110938,1961.084589,-0.546130,0.897633,0.123590
benchmark_60_40,0.090014,498.218130,-0.315814,1.159786,0.077613
benchmark_80_20,0.100907,1020.025513,-0.440465,1.019705,0.098957
strategy,0.111268,2003.490200,-0.269843,1.163076,0.095667
strategy_aggressive,0.199409,490360.392249,-0.528921,0.917790,0.217271
strategy_medium_aggressive,0.150550,24488.557281,-0.321999,1.108062,0.135868
strategy_recommended_mix,0.139065,11884.441925,-0.275002,1.139580,0.122032
